HRG	Year	Activity	Unit_Cost	Total_Cost	HRG_Chapter
AA20A	2015	1	3490	3490	A
AA23A	2015	80	3878	310277	A
AA23B	2015	14	1591	22271	A
AA28A	2015	2	3088	6176	A
AA29B	2015	17	512	8701	A
AB04Z	2015	3	2279	6837	A
AB09Z	2015	1	2164	2164	A
BZ22Z	2015	3	1950	5851	B
CZ02X	2015	1	1672	1672	C
CZ12V	2015	57	1706	97227	C
CZ12Y	2015	14	841	11767	C
CZ22W	2015	22	1538	33828	C
CZ22Y	2015	134	664	88923	C
CZ24O	2015	4	3942	15768	C
CZ34U	2015	1	942	942	C
CZ37Y	2015	1	1050	1050	C
DZ03A	2015	4	6470	25880	D
DZ03B	2015	1	2750	2750	D
DZ09B	2015	51	1531	78077	D
DZ16A	2015	39	3292	128397	D
DZ16B	2015	19	1333	25336	D
DZ21B	2015	3	3250	9750	D
DZ21K	2015	53	1566	83011	D
DZ22A	2015	119	2617	311481	D
DZ22B	2015	140	1240	173658	D
DZ23C	2015	1	527	527	D
DZ27F	2015	1	1588	1588	D
DZ37A	2015	8	676	5410	D
EA07Z	2015	3	12068	36205	E
EA11Z	2015	1	3330	3330	E
EA31Z	2015	102	3555	362585	E
EA35Z	2015	13	3400	44198	E
EA36A	2015	257	3067	788265	E
EA47Z	2015	9	538	4839	E
EA54Z	2015	2	4432	8864	E
EB02Z	2015	4	6270	25082	E
FZ18A	2015	4	7292	29166	F
FZ18B	2015	22	2448	53849	F
FZ20E	2015	62	2430	150633	F
FZ21A	2015	18	1894	34094	F
FZ24C	2015	6	986	5919	F
FZ37J	2015	18	1545	27807	F
FZ41D	2015	4	2930	11722	F
FZ41E	2015	24	1601	38431	F
FZ44C	2015	1	537	537	F
FZ47C	2015	598	803	480341	F
FZ48A	2015	13	3523	45799	F
FZ48B	2015	3	2096	6288	F
FZ49B	2015	6	2724	16344	F
FZ52Z	2015	1	795	795	F
FZ53Z	2015	5	832	4162	F
FZ57Z	2015	5	574	2869	F
FZ63Z	2015	1	706	706	F
FZ65Z	2015	2	624	1247	F
FZ66A	2015	36	7667	276027	F
FZ66B	2015	6	4583	27497	F
FZ74A	2015	22	9036	198782	F
FZ74B	2015	13	5965	77550	F
FZ76A	2015	4	7746	30984	F
FZ76B	2015	1	5400	5400	F
FZ80A	2015	7	13064	91449	F
FZ81A	2015	5	9868	49341	F
FZ81B	2015	1	5898	5898	F
FZ83A	2015	8	5397	43173	F
GA03B	2015	1	12393	12393	G
GA10F	2015	43	4292	184569	G
GA11Z	2015	1	20719	20719	G
GB04D	2015	3	577	1731	G
GC01A	2015	11	4160	45755	G
GC01B	2015	7	2289	16025	G
GC15C	2015	20	2925	58497	G
GC15D	2015	59	1915	113004	G
GC16A	2015	9	4893	44037	G
HA12B	2015	127	7731	981835	H
HA22C	2015	15	3732	55977	H
HA23B	2015	3	14461	43384	H
HA24Z	2015	2	7395	14791	H
HA29Z	2015	14	633	8860	H
HA33Z	2015	33	2899	95676	H
HA39Z	2015	9	566	5091	H
HA71B	2015	14	4439	62150	H
HA73B	2015	54	1211	65387	H
HA81A	2015	69	1797	123965	H
HA81B	2015	47	944	44380	H
HA83A	2015	14	2771	38799	H
HA83B	2015	23	967	22241	H
HA93Z	2015	46	1151	52953	H
HA95Z	2015	14	577	8084	H
HA97Z	2015	36	528	18993	H
HB11A	2015	5	9872	49360	H
HB11B	2015	2	6143	12286	H
HB14C	2015	28	2061	57712	H
HB15D	2015	8	3220	25760	H
HB22C	2015	1	4548	4548	H
HB23C	2015	10	1913	19126	H
HB24B	2015	32	3446	110270	H
HB32A	2015	4	4134	16536	H
HB54C	2015	1	1120	1120	H
HB55B	2015	8	2649	21194	H
HB62C	2015	2	2566	5133	H
HB73Z	2015	4	1659	6634	H
HB99Z	2015	9	1843	16586	H
HC28C	2015	3	1849	5547	H
HC29Z	2015	4	811	3244	H
HD23A	2015	20	3039	60781	H
HD23B	2015	49	998	48893	H
HD24A	2015	24	2234	53617	H
HD25C	2015	2	2389	4777	H
HD39C	2015	2	5467	10934	H
HR05Z	2015	16	9905	158481	H
JA12B	2015	3	1220	3661	J
JC05A	2015	6	905	5429	J
JC05B	2015	12	819	9828	J
JC06A	2015	2	1081	2161	J
JC27Z	2015	2	415	829	J
JD04A	2015	45	2343	105447	J
JD04B	2015	53	1220	64644	J
KA07Z	2015	6	4017	24102	K
KA08Z	2015	12	1775	21297	K
KB02A	2015	12	2965	35586	K
KB02B	2015	13	1409	18323	K
KC05C	2015	9	608	5471	K
LA04D	2015	273	4097	1118596	L
LA07C	2015	8	1483	11860	L
LA07D	2015	12	5976	71709	L
LA08F	2015	7	459	3214	L
LA09F	2015	22	1708	37581	L
LA09G	2015	50	1281	64059	L
LB05A	2015	2	4568	9137	L
LB05B	2015	4	2246	8984	L
LB06D	2015	24	4133	99194	L
LB16A	2015	61	2425	147918	L
LB18Z	2015	15	517	7755	L
LB40A	2015	29	874	25342	L
LB40B	2015	94	552	51888	L
LB54C	2015	10	1215	12150	L
LB64A	2015	1	6414	6414	L
LB64B	2015	1	2568	2568	L
LB65A	2015	1	6047	6047	L
LB65B	2015	3	2228	6685	L
LB68Z	2015	1	5165	5165	L
MA25Z	2015	1	607	607	M
MB01B	2015	14	902	12625	M
MB02Z	2015	6	1162	6970	M
MB05B	2015	1	454	454	M
MB06Z	2015	1	734	734	M
PA01A	2015	5	1852	9260	P
PA01B	2015	24	734	17617	P
PA02A	2015	13	1300	16900	P
PA04A	2015	13	705	9168	P
PA04B	2015	29	556	16133	P
PA07A	2015	3	609	1827	P
PA11Z	2015	271	490	132827	P
AA22B	2015	42	1266	53185	A
AA24A	2015	34	3180	108122	A
AA25B	2015	20	1167	23340	A
AA31A	2015	212	687	145560	A
BZ01Z	2015	1	1975	1975	B
BZ06A	2015	1	1223	1223	B
BZ07B	2015	2	949	1899	B
BZ23Z	2015	2	823	1646	B
BZ24C	2015	35	405	14187	B
CZ01T	2015	2	774	1549	C
CZ01Y	2015	3	673	2019	C
CZ02Y	2015	2	1075	2151	C
CZ08V	2015	7	2105	14738	C
CZ10U	2015	1	3865	3865	C
CZ13V	2015	28	3653	102290	C
CZ16N	2015	1	1626	1626	C
CZ22X	2015	81	808	65462	C
CZ23W	2015	9	1525	13728	C
CZ24P	2015	3	2135	6405	C
DZ04A	2015	6	5688	34126	D
DZ07A	2015	1	333	333	D
DZ11A	2015	906	3223	2919700	D
DZ12A	2015	40	2652	106071	D
DZ15D	2015	23	1660	38181	D
DZ17A	2015	64	3539	226496	D
DZ19B	2015	73	943	68837	D
DZ19C	2015	29	488	14139	D
DZ24A	2015	58	4934	286181	D
DZ25A	2015	31	2475	76722	D
DZ26A	2015	31	2013	62408	D
DZ27A	2015	3	3840	11521	D
DZ27E	2015	6	1840	11039	D
EA03Z	2015	50	5095	254769	E
EA39Z	2015	4	4527	18108	E
EB03H	2015	289	3219	930218	E
EB07H	2015	138	1862	256908	E
FZ12D	2015	19	6174	117311	F
FZ17B	2015	7	2989	20926	F
FZ17C	2015	1	2586	2586	F
FZ22B	2015	3	1130	3391	F
FZ23A	2015	2	654	1307	F
FZ27A	2015	3	4455	13364	F
FZ31D	2015	67	4340	290792	F
FZ33E	2015	3	548	1644	F
FZ36E	2015	114	1925	219457	F
FZ36F	2015	116	444	51458	F
FZ37G	2015	4	4720	18882	F
FZ37I	2015	23	2850	65546	F
FZ38D	2015	90	3227	290396	F
FZ39E	2015	9	1676	15086	F
FZ39F	2015	29	432	12535	F
FZ40B	2015	1	613	613	F
FZ43A	2015	75	3630	272287	F
FZ45A	2015	75	3639	272920	F
FZ46B	2015	4	2571	10283	F
FZ46C	2015	6	564	3381	F
FZ49C	2015	3	463	1390	F
FZ50Z	2015	6	716	4293	F
FZ55Z	2015	7	619	4336	F
FZ58A	2015	1	825	825	F
FZ59Z	2015	11	513	5642	F
FZ60Z	2015	30	781	23421	F
FZ68C	2015	1	7590	7590	F
FZ68D	2015	1	4148	4148	F
FZ70Z	2015	9	720	6477	F
FZ71A	2015	23	6333	145655	F
FZ73B	2015	2	7766	15531	F
FZ77A	2015	2	6054	12109	F
FZ87B	2015	7	3398	23785	F
FZ87C	2015	1	3305	3305	F
FZ88A	2015	4	941	3764	F
FZ89Z	2015	3	6231	18693	F
GA13A	2015	1	3829	3829	G
GB02B	2015	1	4394	4394	G
GB03B	2015	3	2318	6955	G
GB06A	2015	38	6204	235760	G
GB09A	2015	4	5323	21293	G
GC12A	2015	34	3065	104207	G
HA11A	2015	6	8697	52181	H
HA13A	2015	68	6485	440988	H
HA14A	2015	1	2742	2742	H
HA32Z	2015	20	5111	102221	H
HA53Z	2015	3	2910	8729	H
HA55Z	2015	2	1342	2684	H
HA56B	2015	2	966	1932	H
HA61B	2015	1	4323	4323	H
HA61C	2015	20	3430	68594	H
HA79Z	2015	10	551	5511	H
HA83C	2015	36	524	18864	H
HA91Z	2015	94	1888	177517	H
HA94Z	2015	133	885	117653	H
HB12B	2015	2	5966	11933	H
HB12C	2015	19	5314	100957	H
HB14B	2015	19	3143	59719	H
HB22B	2015	9	3747	33724	H
HB24C	2015	19	1376	26144	H
HB25D	2015	1	1022	1022	H
HB31Z	2015	3	5974	17923	H
HB35B	2015	6	1399	8396	H
HB35C	2015	5	1382	6912	H
HB56B	2015	1	736	736	H
HB56C	2015	1	721	721	H
HB63Z	2015	7	4716	33012	H
HC05B	2015	1	4764	4764	H
HC28B	2015	3	6551	19652	H
HD21A	2015	52	1488	77375	H
HD26A	2015	114	1623	185000	H
HD40A	2015	32	3783	121047	H
HR06B	2015	3	5660	16981	H
JA13Z	2015	19	725	13774	J
JA18B	2015	4	1509	6035	J
JA18C	2015	8	949	7594	J
JB13A	2015	1	3820	3820	J
JB21B	2015	5	1985	9925	J
JC01A	2015	4	9480	37920	J
JC03A	2015	23	5613	129107	J
JC04A	2015	26	5066	131708	J
JD01A	2015	45	4378	197009	J
JD03B	2015	69	1121	77354	J
JD03C	2015	39	720	28083	J
JD05B	2015	13	632	8222	J
JD05C	2015	12	483	5795	J
JD06A	2015	18	1137	20466	J
KB01A	2015	44	1866	82125	K
KB03B	2015	3	2392	7175	K
KC04Z	2015	1	719	719	K
KC05B	2015	87	1529	133043	K
KC05D	2015	14	2617	36638	K
LA07G	2015	41	1961	80413	L
LA08B	2015	5	2497	12486	L
LA09E	2015	23	3288	75625	L
LB01B	2015	1	2361	2361	L
LB09D	2015	6	1117	6701	L
LB13A	2015	5	5317	26585	L
LB19B	2015	3	769	2306	L
LB20A	2015	35	1448	50663	L
LB25A	2015	3	6705	20114	L
LB28B	2015	6	845	5069	L
LB35A	2015	19	1109	21076	L
LB53B	2015	3	1574	4721	L
LB54D	2015	1	1338	1338	L
LB58A	2015	6	663	3977	L
LB60A	2015	13	9130	118684	L
LB61B	2015	1	4047	4047	L
MA03B	2015	2	2832	5663	M
MA10Z	2015	2	1688	3375	M
MA11Z	2015	4	2873	11490	M
MA18C	2015	14	655	9164	M
MA18D	2015	1	1062	1062	M
MA23Z	2015	7	450	3149	M
MA24Z	2015	9	833	7501	M
MB03A	2015	10	1092	10925	M
PA24Z	2015	1	746	746	P
PA29Z	2015	220	588	129281	P
PA32A	2015	14	649	9091	P
PA32B	2015	76	549	41730	P
PA35A	2015	8	1203	9621	P
PA35B	2015	41	609	24971	P
PA38D	2015	2	2636	5272	P
PA52B	2015	11	1361	14971	P
PA63C	2015	119	728	86628	P
PA65C	2015	9	590	5314	P
PA71Z	2015	2	1781	3561	P
PA72Z	2015	1	2393	2393	P
PB02Z	2015	334	788	263172	P
QZ02A	2015	18	9263	166733	Q
QZ16C	2015	9	2461	22149	Q
QZ19Z	2015	1	685	685	Q
QZ22A	2015	1	4282	4282	Q
RC02Z	2015	21	4096	86016	R
SA01F	2015	11	1978	21759	S
SA04D	2015	69	2377	164010	S
SA04F	2015	25	1024	25611	S
SA07D	2015	1	3314	3314	S
SA10E	2015	2	1260	2521	S
SA31Z	2015	38	4615	175378	S
SA32Z	2015	6	3151	18907	S
VA11C	2015	7	4006	28045	V
VA12C	2015	14	5653	79139	V
VA13B	2015	1	5660	5660	V
WA03X	2015	88	2326	204712	W
WA04T	2015	17	723	12288	W
WA06Y	2015	50	1054	52684	W
WA11Y	2015	203	275	55822	W
WA12V	2015	22	3450	75897	W
WA14A	2015	7	1167	8169	W
WA14B	2015	12	1167	14004	W
WA16Y	2015	14	367	5139	W
WA18V	2015	150	3163	474464	W
WA18Y	2015	13	639	8309	W
WA20Y	2015	4	370	1481	W
WD11Z	2015	275	3579	984225	W
AA18A	2015	1	6037	6037	A
AA21A	2015	8	5667	45332	A
AA24B	2015	6	1589	9536	A
AA26A	2015	497	1773	881167	A
AA26B	2015	83	597	49531	A
AA27A	2015	40	5685	227390	A
AA27B	2015	2	3123	6247	A
AA30A	2015	4	2787	11148	A
AA30B	2015	2	800	1601	A
AA33D	2015	2	1225	2451	A
AB05Z	2015	2	2466	4932	A
AB06Z	2015	1	2128	2128	A
BZ02Z	2015	1	2692	2692	B
BZ07A	2015	2	1256	2512	B
BZ12Z	2015	2	2496	4992	B
BZ13Z	2015	1	2110	2110	B
BZ19Z	2015	1	1017	1017	B
BZ21Z	2015	3	1837	5512	B
CZ05T	2015	7	1032	7224	C
CZ05V	2015	8	943	7544	C
CZ05Y	2015	26	800	20809	C
CZ07O	2015	3	7916	23747	C
CZ08T	2015	5	847	4234	C
CZ12U	2015	10	750	7497	C
CZ13U	2015	2	1421	2842	C
CZ21V	2015	238	666	158560	C
CZ21Y	2015	34	491	16683	C
CZ23X	2015	59	873	51492	C
DZ06Z	2015	3	537	1610	D
DZ09C	2015	16	1536	24579	D
DZ10A	2015	8	5042	40336	D
DZ10B	2015	2	3719	7439	D
DZ16C	2015	9	380	3419	D
DZ17B	2015	13	2215	28796	D
DZ21F	2015	3	2686	8059	D
DZ21H	2015	195	2976	580397	D
DZ21J	2015	239	2178	520494	D
DZ22C	2015	51	654	33366	D
DZ23A	2015	20	2850	56991	D
DZ23B	2015	8	1843	14748	D
DZ26B	2015	8	1036	8286	D
DZ29A	2015	3	2312	6937	D
DZ29B	2015	3	1587	4762	D
EA44Z	2015	2	3192	6384	E
EB05Z	2015	11	911	10016	E
EB08H	2015	220	1501	330292	E
EB10Z	2015	332	3022	1003274	E
FZ12I	2015	1	3472	3472	F
FZ13D	2015	6	955	5733	F
FZ18C	2015	21	2044	42930	F
FZ20A	2015	14	3555	49771	F
FZ20B	2015	157	2426	380900	F
FZ24A	2015	1	3043	3043	F
FZ24B	2015	6	1480	8878	F
FZ31E	2015	54	2287	123506	F
FZ31F	2015	96	402	38615	F
FZ37F	2015	11	433	4766	F
FZ37H	2015	10	2382	23822	F
FZ38E	2015	92	1788	164489	F
FZ38F	2015	78	446	34762	F
FZ40A	2015	10	1872	18716	F
FZ44A	2015	3	3702	11106	F
FZ44B	2015	3	2529	7588	F
FZ45B	2015	201	1678	337193	F
FZ47A	2015	110	3491	384000	F
FZ47B	2015	359	748	268412	F
FZ48C	2015	4	485	1940	F
FZ54Z	2015	10	589	5894	F
FZ61Z	2015	21	792	16634	F
FZ67A	2015	20	6785	135708	F
FZ67B	2015	5	3944	19719	F
FZ69A	2015	5	13320	66602	F
FZ73A	2015	8	12493	99946	F
FZ75A	2015	14	7492	104891	F
FZ75B	2015	10	5232	52323	F
FZ77B	2015	1	4122	4122	F
FZ79A	2015	1	10537	10537	F
GA05A	2015	7	8723	61062	G
GA07A	2015	3	5555	16665	G
GA07B	2015	1	3788	3788	G
GB01A	2015	11	8439	92827	G
GB01B	2015	6	4843	29061	G
GC15A	2015	17	6411	108980	G
GC15B	2015	9	4186	37672	G
GC16C	2015	119	2030	241571	G
HA12C	2015	82	5518	452509	H
HA22B	2015	4	5776	23105	H
HA23C	2015	22	3000	66005	H
HA31B	2015	7	4373	30611	H
HA51Z	2015	3	4225	12675	H
HA52Z	2015	1	3384	3384	H
HA54Z	2015	13	1351	17569	H
HA59Z	2015	3	516	1548	H
HA62Z	2015	4	3152	12607	H
HA69Z	2015	1	519	519	H
HA71C	2015	132	3104	409667	H
HA72Z	2015	9	2408	21668	H
HA73C	2015	22	1236	27193	H
HA81C	2015	144	516	74340	H
HA92Z	2015	35	1921	67244	H
HA96Z	2015	6	1129	6773	H
HB11C	2015	7	7717	54016	H
HB13Z	2015	4	5664	22658	H
HB16C	2015	1	794	794	H
HB23B	2015	15	4378	65667	H
HB25F	2015	3	1659	4978	H
HB25J	2015	1	961	961	H
HB33D	2015	5	2903	14515	H
HB34D	2015	7	1949	13645	H
HB34G	2015	1	1123	1123	H
HB54B	2015	1	1436	1436	H
HB55C	2015	6	1042	6254	H
HB61C	2015	1	5119	5119	H
HB62B	2015	1	3137	3137	H
HC26C	2015	1	1620	1620	H
HC27C	2015	155	930	144190	H
HC31C	2015	2	4684	9368	H
HD21C	2015	38	351	13321	H
HD23C	2015	16	449	7176	H
HD24C	2015	8	460	3682	H
HD25A	2015	7	4842	33895	H
HD25B	2015	7	2348	16435	H
HD39A	2015	20	4427	88549	H
HD39B	2015	6	2706	16233	H
JC05C	2015	44	833	36671	J
JC06C	2015	15	1081	16209	J
JC15Z	2015	33	700	23102	J
JC47Z	2015	3	787	2361	J
JD04C	2015	35	876	30657	J
KB02C	2015	2	555	1111	K
KB02D	2015	7	1929	13502	K
KB02E	2015	51	999	50966	K
KB02F	2015	32	549	17577	K
LA04E	2015	125	2118	264804	L
LA04F	2015	45	1360	61189	L
LA04G	2015	218	432	94226	L
LA07E	2015	51	3538	180460	L
LA07F	2015	2	3774	7549	L
LB05C	2015	7	1460	10220	L
LB06F	2015	3	1831	5494	L
LB06G	2015	1	580	580	L
LB16C	2015	30	631	18935	L
LB19A	2015	7	3856	26991	L
LB26Z	2015	1	6053	6053	L
LB37A	2015	3	569	1706	L
LB37B	2015	2	522	1044	L
LB38A	2015	24	3037	72898	L
LB38B	2015	46	1213	55787	L
LB47Z	2015	1	2741	2741	L
LB57A	2015	2	1438	2877	L
LB57B	2015	2	767	1535	L
MA07C	2015	1	6011	6011	M
AA22A	2015	417	3517	1466564	A
AA25A	2015	148	3357	496830	A
AA29A	2015	114	1104	125818	A
AA31B	2015	114	475	54137	A
BZ24A	2015	18	2134	38414	B
CZ01V	2015	9	1645	14803	C
CZ02W	2015	1	4834	4834	C
CZ08Y	2015	4	699	2796	C
CZ10Y	2015	1	2505	2505	C
CZ13Y	2015	16	942	15067	C
CZ15N	2015	2	3813	7625	C
CZ23Y	2015	41	579	23742	C
DZ02A	2015	1	9069	9069	D
DZ09A	2015	53	3498	185379	D
DZ11B	2015	325	2045	664615	D
DZ11C	2015	82	967	79324	D
DZ12B	2015	8	1387	11095	D
DZ14A	2015	3	3557	10671	D
DZ15A	2015	1	3058	3058	D
DZ15E	2015	83	995	82592	D
DZ15F	2015	57	654	37280	D
DZ17C	2015	2	1142	2284	D
DZ18Z	2015	3	3314	9942	D
DZ19A	2015	40	1706	68245	D
DZ20Z	2015	10	1488	14880	D
DZ21A	2015	119	514	61156	D
DZ21E	2015	24	3346	80306	D
DZ24B	2015	17	2018	34303	D
DZ24C	2015	4	1853	7412	D
DZ25B	2015	4	1538	6150	D
DZ27D	2015	12	2745	32941	D
DZ28Z	2015	12	463	5559	D
EA05Z	2015	68	4108	279324	E
EA49Z	2015	25	4219	105472	E
EB01Z	2015	1152	613	705718	E
EB03I	2015	135	1688	227935	E
EB04H	2015	1	4092	4092	E
EB06Z	2015	18	2882	51876	E
EB07I	2015	376	761	285956	E
EB08I	2015	290	681	197363	E
FZ12E	2015	12	4107	49285	F
FZ12F	2015	21	3115	65405	F
FZ13C	2015	9	776	6980	F
FZ17A	2015	2	5336	10671	F
FZ20D	2015	1	3705	3705	F
FZ22A	2015	109	1229	134006	F
FZ27B	2015	4	3167	12669	F
FZ27C	2015	4	2450	9799	F
FZ33C	2015	8	4104	32829	F
FZ33D	2015	2	2080	4161	F
FZ36D	2015	121	3888	470422	F
FZ39D	2015	6	3311	19866	F
FZ41F	2015	47	396	18614	F
FZ43B	2015	77	1803	138816	F
FZ43C	2015	130	400	52023	F
FZ45C	2015	159	438	69711	F
FZ46A	2015	18	3943	70970	F
FZ49A	2015	6	4061	24364	F
FZ56Z	2015	4	695	2780	F
FZ64A	2015	3	665	1995	F
FZ71B	2015	11	3650	40152	F
FZ71C	2015	4	848	3392	F
FZ78A	2015	1	9754	9754	F
FZ80B	2015	1	8170	8170	F
FZ87A	2015	7	5167	36170	F
GA06A	2015	1	7140	7140	G
GA10C	2015	2	3881	7762	G
GA10D	2015	47	3109	146140	G
GA13B	2015	1	2150	2150	G
GB02A	2015	3	6838	20514	G
GB03A	2015	43	4627	198943	G
GB05C	2015	8	7460	59677	G
GB05D	2015	26	4537	117972	G
GB06B	2015	77	3724	286749	G
GB06C	2015	36	2941	105869	G
GB06D	2015	6	1075	6452	G
GB07Z	2015	3	964	2891	G
GB09B	2015	6	5323	31939	G
GC12B	2015	5	595	2973	G
GC16B	2015	41	3700	151690	G
GC16D	2015	224	1234	276410	G
HA11C	2015	8	7939	63511	H
HA13B	2015	19	4303	81750	H
HA13C	2015	57	4913	280020	H
HA14C	2015	2	1511	3021	H
HA21B	2015	1	11676	11676	H
HA21C	2015	8	5898	47185	H
HA25C	2015	4	2553	10212	H
HA31C	2015	37	3534	130752	H
HA34Z	2015	4	1961	7842	H
HA35Z	2015	10	1847	18468	H
HA56A	2015	11	1066	11726	H
HA63Z	2015	14	1913	26775	H
HA99Z	2015	2	1184	2368	H
HB12A	2015	4	8810	35240	H
HB15E	2015	10	1922	19223	H
HB15F	2015	1	1506	1506	H
HB21B	2015	1	6336	6336	H
HB21C	2015	6	5752	34514	H
HB25E	2015	1	2656	2656	H
HB34E	2015	2	1197	2395	H
HB59Z	2015	1	565	565	H
HB61B	2015	1	16247	16247	H
HB72Z	2015	4	2743	10973	H
HB91Z	2015	5	451	2256	H
HC12Z	2015	28	603	16880	H
HC20B	2015	17	3779	64251	H
HC20C	2015	29	1847	53571	H
HC27B	2015	62	1959	121465	H
HC31B	2015	2	6859	13718	H
HC32B	2015	36	2058	74074	H
HC32C	2015	95	756	71790	H
HD21B	2015	84	481	40443	H
HD24B	2015	31	1301	40322	H
HD26B	2015	103	644	66309	H
HD26C	2015	25	483	12080	H
HD40B	2015	17	2424	41200	H
HD40C	2015	2	1527	3054	H
HR04B	2015	8	16085	128676	H
HR04C	2015	5	21232	106160	H
HR06A	2015	33	7942	262071	H
JA12A	2015	16	3446	55141	J
JA18A	2015	9	3255	29296	J
JA24A	2015	6	5378	32268	J
JB01A	2015	1	2316	2316	J
JB13B	2015	1	2460	2460	J
JB21A	2015	2	1985	3970	J
JC03B	2015	8	2664	21310	J
JC03C	2015	10	1673	16731	J
JC04B	2015	8	1761	14085	J
JC04C	2015	11	1318	14494	J
JC06B	2015	8	1081	8645	J
JC07Z	2015	7	765	5356	J
JC14Z	2015	20	674	13484	J
JC16Z	2015	2	798	1597	J
JD01B	2015	7	1726	12079	J
JD01C	2015	1	1516	1516	J
JD03A	2015	199	2839	564891	J
JD05A	2015	12	1360	16320	J
JD06B	2015	25	519	12977	J
KB01B	2015	15	1137	17051	K
KB03A	2015	1	1318	1318	K
KC05A	2015	69	3345	230809	K
KC05E	2015	61	994	60621	K
KC05F	2015	5	481	2404	K
LA08A	2015	7	3990	27933	L
LA09H	2015	58	450	26089	L
LB01A	2015	8	4777	38218	L
LB06E	2015	4	2376	9505	L
LB14Z	2015	2	895	1791	L
LB15E	2015	210	507	106403	L
LB16B	2015	49	1047	51297	L
LB20B	2015	10	622	6225	L
MB04A	2015	5	1768	8839	M
MB08Z	2015	84	482	40477	M
PA02B	2015	44	748	32895	P
PA03A	2015	12	1011	12132	P
PA06Z	2015	2	3271	6541	P
PA07B	2015	31	511	15835	P
PA15B	2015	186	869	161661	P
PA16A	2015	5	1760	8800	P
PA18A	2015	3	971	2913	P
PA19A	2015	504	460	231915	P
PA20A	2015	6	1020	6117	P
PA21A	2015	42	923	38783	P
PA26A	2015	24	1066	25586	P
PA28A	2015	10	1036	10361	P
PA30A	2015	3	3459	10377	P
PA34A	2015	12	978	11738	P
PA43A	2015	2	4140	8281	P
PA45Z	2015	2	3662	7323	P
PA48A	2015	4	2410	9641	P
PA49Z	2015	18	644	11596	P
PA53A	2015	9	2627	23643	P
PA56A	2015	9	760	6840	P
PA60D	2015	4	552	2209	P
PA62Z	2015	28	508	14216	P
PA64A	2015	14	359	5023	P
PA65B	2015	7	1441	10090	P
PA66Z	2015	29	496	14394	P
PA70Z	2015	62	584	36222	P
QZ04Z	2015	63	5911	372367	Q
QZ05A	2015	5	4144	20722	Q
QZ12Z	2015	32	7544	241395	Q
QZ13A	2015	16	1242	19870	Q
QZ15A	2015	6	8304	49826	Q
QZ16B	2015	9	4404	39636	Q
RC16Z	2015	34	4740	161168	R
RC31Z	2015	1	4085	4085	R
RC32Z	2015	12	4085	49026	R
SA02F	2015	4	1387	5549	S
SA03D	2015	3	2677	8031	S
SA06F	2015	3	1717	5150	S
SA09D	2015	74	2786	206142	S
SA12D	2015	7	2632	18427	S
SA13B	2015	2	603	1206	S
SA25F	2015	6	5921	35523	S
SA30Z	2015	21	4125	86625	S
VA10B	2015	42	1413	59358	V
VA10C	2015	43	3763	161823	V
VA11A	2015	8	1781	14250	V
VA12B	2015	17	4748	80722	V
VA14A	2015	1	6042	6042	V
WA06W	2015	92	756	69510	W
WA09Y	2015	6	1085	6511	W
WA11V	2015	46	1222	56195	W
WA11X	2015	278	560	155715	W
WA12X	2015	86	1733	148997	W
WA12Y	2015	63	758	47729	W
WA16W	2015	16	520	8322	W
WA17V	2015	22	4000	87991	W
WA18X	2015	78	1630	127115	W
WA20W	2015	20	520	10397	W
WA21W	2015	3	1215	3646	W
WA23V	2015	40	3605	144219	W
WA24Z	2015	3	4180	12539	W
MA07D	2015	21	3049	64037	M
MA08Z	2015	17	2229	37900	M
MA09Z	2015	2	2731	5463	M
MA17C	2015	43	1067	45887	M
MA17D	2015	1	1483	1483	M
MA19A	2015	57	1000	56995	M
MB03B	2015	63	623	39267	M
MB04B	2015	98	1081	105952	M
MB07Z	2015	1	2979	2979	M
NZ11B	2015	1	1673	1673	N
NZ11F	2015	2	2044	4089	N
PA08B	2015	13	848	11023	P
PA12Z	2015	106	710	75301	P
PA14C	2015	37	2338	86517	P
PA14D	2015	75	1099	82423	P
PA14E	2015	114	403	45974	P
PA17A	2015	52	1276	66352	P
PA17B	2015	165	853	140790	P
PA22Z	2015	10	464	4643	P
PA23A	2015	6	3295	19773	P
PA23B	2015	7	1232	8621	P
PA25A	2015	1	2681	2681	P
PA25B	2015	3	1116	3347	P
PA30B	2015	10	788	7879	P
PA31Z	2015	2	3130	6260	P
PA34B	2015	109	688	74995	P
PA48B	2015	8	981	7850	P
PA57Z	2015	36	885	31846	P
PA60F	2015	2	755	1510	P
PA63B	2015	20	1389	27785	P
PA64C	2015	19	1133	21533	P
QZ01A	2015	4	8860	35439	Q
QZ05B	2015	6	2190	13141	Q
QZ11A	2015	2	17579	35157	Q
QZ14A	2015	10	1145	11447	Q
QZ14B	2015	1	895	895	Q
QZ15C	2015	3	3177	9530	Q
QZ17A	2015	5	4407	22036	Q
RC33Z	2015	3	4085	12256	R
RC41Z	2015	2	3709	7418	R
SA02D	2015	1	363	363	S
SA03F	2015	2	1871	3741	S
SA06D	2015	11	3362	36986	S
SA08D	2015	7	1902	13314	S
SA08F	2015	10	960	9596	S
SA09F	2015	13	1102	14320	S
SA12F	2015	5	1468	7340	S
SA13A	2015	22	634	13945	S
SA17D	2015	2	2255	4509	S
SA24D	2015	1	8667	8667	S
SA24F	2015	2	3700	7400	S
SA25D	2015	10	7050	70501	S
SA33Z	2015	1	567	567	S
VA10A	2015	44	1361	59873	V
VA11B	2015	7	2756	19295	V
VA11D	2015	4	7223	28891	V
VA12A	2015	9	3623	32606	V
VA12D	2015	14	9413	131780	V
VA13C	2015	2	7685	15370	V
VA15B	2015	1	13998	13998	V
WA03Y	2015	2	1830	3661	W
WA04S	2015	5	883	4414	W
WA04U	2015	5	571	2854	W
WA05Q	2015	3	3958	11875	W
WA08Z	2015	1	1334	1334	W
WA17X	2015	3	2103	6310	W
WA19W	2015	27	980	26465	W
WA22V	2015	237	3286	778819	W
WA22Y	2015	16	531	8495	W
WA23X	2015	10	2837	28372	W
LB21Z	2015	1	4909	4909	L
LB28A	2015	12	1581	18976	L
LB29A	2015	1	23637	23637	L
LB35B	2015	42	549	23061	L
LB52Z	2015	3	3078	9235	L
LB53A	2015	5	2465	12324	L
LB54A	2015	5	1144	5718	L
LB56A	2015	5	672	3361	L
LB58B	2015	2	566	1131	L
LB60B	2015	4	5597	22389	L
LB61A	2015	3	6771	20313	L
LB72A	2015	3	600	1799	L
MA21Z	2015	1	609	609	M
MA22Z	2015	1	1007	1007	M
MB01A	2015	5	997	4987	M
MB05A	2015	19	3276	62238	M
PA03B	2015	99	638	63169	P
PA08A	2015	2	2517	5034	P
PA15A	2015	18	1911	34399	P
PA16B	2015	22	899	19785	P
PA18B	2015	21	531	11161	P
PA19B	2015	43	1297	55758	P
PA20B	2015	16	606	9695	P
PA21B	2015	240	565	135501	P
PA26B	2015	121	615	74426	P
PA28B	2015	51	557	28425	P
PA36Z	2015	1	1133	1133	P
PA50Z	2015	256	517	132303	P
PA52A	2015	40	387	15480	P
PA53B	2015	2	4087	8174	P
PA56B	2015	9	558	5025	P
PA58Z	2015	55	351	19280	P
PA60E	2015	2	1487	2974	P
PA63A	2015	240	355	85122	P
PA64B	2015	1	1288	1288	P
PA65A	2015	19	352	6680	P
PA67Z	2015	8	1104	8832	P
PA68Z	2015	31	965	29908	P
PA69Z	2015	17	1366	23221	P
PB01Z	2015	2	1175	2349	P
QZ02B	2015	3	5965	17896	Q
QZ03Z	2015	3	12711	38134	Q
QZ11B	2015	11	11612	127728	Q
QZ15B	2015	39	5244	204520	Q
QZ16A	2015	3	7236	21709	Q
QZ17B	2015	68	2230	151652	Q
QZ17C	2015	22	999	21969	Q
QZ20Z	2015	57	1207	68805	Q
QZ22B	2015	1	1541	1541	Q
RC14Z	2015	18	5590	100611	R
SA01D	2015	19	2844	54032	S
SA05D	2015	2	1894	3789	S
SA07F	2015	1	566	566	S
VA10D	2015	33	6220	205270	V
VA13A	2015	2	4003	8006	V
WA03V	2015	336	3714	1247895	W
WA09W	2015	13	3121	40572	W
WA10Z	2015	1	1754	1754	W
WA19Y	2015	2	435	871	W
WA22X	2015	131	2154	282168	W
WD22Z	2015	296	1760	520960	W
